{
  "backend/main.mo": "Main Motoko actor defining Driver, Route, and UserProfile data types with full CRUD operations, role-based access control via MixinAuthorization, and admin bootstrap/promote/demote functionality.",
  "feature_evidence.json": "Feature evidence report documenting that Layout.tsx was updated to show the 'Make Me Admin' button to all authenticated non-admin users, wired to bootstrapAdminSelf() with query invalidation and toast feedback.",
  "frontend-file-summaries.txt": "JSON document containing one-line summaries of all frontend source files, describing their purpose and notable recent changes.",
  "frontend/index.css": "Tailwind CSS entry file defining OKLCH-based CSS custom properties for light and dark themes including background, foreground, chart, and sidebar color tokens.",
  "frontend/index.html": "Minimal HTML entry point for the Driver Management App that mounts the React app at the #root div and loads the main TypeScript module.",
  "frontend/src/App.tsx": "Main React app with TanStack Router defining auth-guarded and admin-guarded route layouts for dashboard, drivers, routes, and admin pages, with profile setup modal and Toaster.",
  "frontend/src/components/DeleteDriverDialog.tsx": "Alert dialog component for confirming driver deletion, using the useDeleteDriver mutation with a loading state and Tailwind v3-compliant shrink-0 class.",
  "frontend/src/components/DriverFilters.tsx": "Filter bar component providing search input, status filter dropdown (All/Active/Inactive), and sort dropdown (Default/Name/ID) for the drivers list page.",
  "frontend/src/components/DriverFormModal.tsx": "A modal dialog component for creating and editing drivers, including fields for name, category, status, assigned routes, and per-route time slot management with expand/collapse UI.",
  "frontend/src/components/Layout.tsx": "The main app layout component providing a responsive sidebar with navigation links, logout functionality, admin-conditional nav items, and a 'Make Me Admin' bootstrap button.",
  "frontend/src/components/ProfileSetupModal.tsx": "A modal dialog that prompts newly authenticated users to enter their name and email to complete profile setup, with basic validation and a save mutation.",
  "frontend/src/hooks/useActor.ts": "A hook that creates and caches an ICP backend actor (authenticated or anonymous) using the current Internet Identity, and invalidates dependent queries when the actor changes.",
  "frontend/src/hooks/useInternetIdentity.ts": "Provides an InternetIdentityProvider and useInternetIdentity hook for managing ICP Internet Identity authentication state, including login, logout, and identity persistence via AuthClient.",
  "frontend/src/hooks/useQueries.ts": "Centralizes all React Query hooks for backend interactions, covering user profiles, admin checks, user management, driver CRUD, and route operations with toast notifications.",
  "frontend/src/index.css": "Global CSS file that imports Inter and Space Grotesk fonts, sets up Tailwind directives, and defines light/dark mode CSS custom properties for a charcoal and amber/gold design system along with utility classes.",
  "frontend/src/lib/utils.ts": "Exports a single `cn` utility function that merges Tailwind class names using clsx and tailwind-merge.",
  "frontend/src/main.tsx": "Application entry point that renders the React app wrapped in QueryClientProvider and InternetIdentityProvider.",
  "frontend/src/pages/AdminPage.tsx": "Admin management page that displays a table of all users with their roles and provides controls to promote/demote users to/from admin, including a bootstrap button for the current user to self-assign admin.",
  "frontend/src/pages/DashboardPage.tsx": "Dashboard page showing fleet statistics (total, active, inactive drivers) via stat cards plus bar and pie charts, along with a recent drivers list.",
  "frontend/src/pages/DriversListPage.tsx": "Drivers list page with a filterable, sortable table of drivers, expandable detail panels showing routes and timings, and controls to add, edit, or delete drivers.",
  "frontend/src/pages/LoginPage.tsx": "Login page with a two-panel layout featuring branding/feature highlights on the left and an Internet Identity login button on the right, redirecting to the dashboard on successful authentication.",
  "frontend/src/pages/RoutesPage.tsx": "Routes management page that lists existing routes and provides a modal dialog form to add new routes with ID and name validation.",
  "frontend/src/utils/driverValidation.ts": "Provides validation functions for driver form fields (name, license number, status, category) and a combined `validateDriverForm` function that returns an object of field-level error messages.",
  "frontend/src/utils/urlParams.ts": "Utility functions for extracting URL parameters from both query strings and hash-based routes, persisting them to sessionStorage, and cleaning sensitive params from the URL bar without reloading.",
  "frontend/tailwind.config.js": "Tailwind CSS configuration that sets up dark mode, custom color palettes (amber, charcoal, OKLCH-based design tokens), custom fonts (Inter, Space Grotesk), and enables the typography, container-queries, and animate plugins.",
  "project_state.json": "Project state metadata describing the full-stack Driver Management app (React, Node/Express, PostgreSQL, Docker), its existing features, architectural notes, and a known issue where the Admin Management page is hidden due to a role-check catch-22."
}