{
  "kind": "build_request",
  "title": "Fix admin bootstrap catch-22: expose Make Me Admin for all non-admin users",
  "projectName": "DriverHub",
  "priority": "high",
  "requirements": [
    {
      "id": "REQ-22",
      "text": "In Layout.tsx, remove the admin-role guard from the 'Make Me Admin' button/action so it is visible and accessible to ALL authenticated users who do not yet have the Admin role — regardless of whether they can see the Admin Management page. The button must call `bootstrapAdminSelf()` and, on success, invalidate the admin-check and user queries, show a success toast, and then refresh the sidebar so the Admin Management link appears immediately.",
      "target": "frontend",
      "source": {
        "messageIds": [
          "msg-recent"
        ],
        "quotes": [
          "this was the only id i told you to make admin but still i am unable to see Admin Management page",
          "the Admin section in the sidebar is only visible to users who already have the Admin role — and since you're not yet an admin, it stays hidden"
        ]
      },
      "acceptanceCriteria": [
        "A 'Make Me Admin' button is visible in the sidebar (or sidebar footer) for any authenticated user whose current role is NOT Admin, without requiring them to navigate to /admin first.",
        "Clicking 'Make Me Admin' calls the backend bootstrapAdminSelf() function.",
        "On success, a success toast is shown, the admin-check query and users query are invalidated, and the 'Admin' nav link appears in the sidebar immediately without a page reload.",
        "On failure, an error toast is shown with the reason returned by the backend.",
        "Once the user has the Admin role, the 'Make Me Admin' button is no longer shown.",
        "The Admin Management page link in the sidebar continues to be shown only to users with the Admin role."
      ]
    },
    {
      "id": "REQ-23",
      "text": "In AdminPage.tsx, keep the existing 'Make Me Admin' bootstrap button as a secondary entry point, but ensure it is also rendered when the page is accessed and the current user is not yet an Admin (in case the catch-22 occurs). The button must remain hidden once the user already has the Admin role.",
      "target": "frontend",
      "source": {
        "messageIds": [
          "msg-recent"
        ],
        "quotes": [
          "this was the only id i told you to make admin but still i am unable to see Admin Management page"
        ]
      },
      "acceptanceCriteria": [
        "AdminPage shows the 'Make Me Admin' button when the logged-in user does not have the Admin role.",
        "The button is hidden when the user already has the Admin role.",
        "Button behavior (call, toast, query invalidation) matches REQ-22."
      ]
    }
  ],
  "constraints": [
    "Do not change the backend bootstrapAdminSelf() logic — only fix the frontend visibility guard.",
    "Do not edit files under frontend/src/hooks/useInternetIdentity.ts, frontend/src/hooks/useActor.ts, frontend/src/main.tsx, or frontend/src/components/ui.",
    "The Admin Management page route (/admin) must remain protected and only accessible to Admin-role users."
  ],
  "nonGoals": [
    "Automatically granting admin to the first registered user on the backend.",
    "Removing role-based access control from any backend functions.",
    "Changing the Admin Management page's access guard."
  ],
  "imageRequirements": {
    "required": [],
    "edits": []
  }
}