{
  "kind": "coverage_report",
  "version": "1.0",
  "generatedAt": "2026-02-28T02:53:29.308Z",
  "sources": {
    "buildRequest": true,
    "implementationPlan": true
  },
  "requirements": {
    "total": 2,
    "implemented": 1,
    "items": [
      {
        "id": "REQ-22",
        "summary": "In Layout.tsx, remove the admin-role guard from the 'Make Me Admin' button/action so it is visible and accessible to ALL authenticated users who do not yet have the Admin role — regardless of whether they can see the Admin Management page. The button must call `bootstrapAdminSelf()` and, on success, invalidate the admin-check and user queries, show a success toast, and then refresh the sidebar so the Admin Management link appears immediately.",
        "status": "implemented",
        "plannedFiles": [
          "frontend/src/hooks/useQueries.ts",
          "frontend/src/components/Layout.tsx"
        ],
        "matchedFiles": [
          "frontend/src/components/Layout.tsx"
        ]
      },
      {
        "id": "REQ-23",
        "summary": "In AdminPage.tsx, keep the existing 'Make Me Admin' bootstrap button as a secondary entry point, but ensure it is also rendered when the page is accessed and the current user is not yet an Admin (in case the catch-22 occurs). The button must remain hidden once the user already has the Admin role.",
        "status": "missing",
        "plannedFiles": [
          "frontend/src/pages/AdminPage.tsx"
        ],
        "matchedFiles": []
      }
    ]
  },
  "changedFiles": [
    "build-request.json",
    "feature_evidence.json",
    "frontend-file-summaries.txt",
    "frontend-implementation-plan.json",
    "frontend/src/components/Layout.tsx",
    "project_state.json",
    "scratch/component-selection.json",
    "spec.md",
    "spec_vs_diff_report.json"
  ]
}