{
  "kind": "implementation_plan",
  "version": "1.0",
  "title": "Fix admin bootstrap catch-22: expose Make Me Admin for all non-admin users",
  "requirements": [
    {
      "id": "REQ-22",
      "summary": "Remove admin-role guard from 'Make Me Admin' button in Layout.tsx so all authenticated non-admin users can bootstrap themselves to admin",
      "acceptanceCriteria": [
        "A 'Make Me Admin' button is visible in the sidebar (or sidebar footer) for any authenticated user whose current role is NOT Admin, without requiring them to navigate to /admin first.",
        "Clicking 'Make Me Admin' calls the backend bootstrapAdminSelf() function.",
        "On success, a success toast is shown, the admin-check query and users query are invalidated, and the 'Admin' nav link appears in the sidebar immediately without a page reload.",
        "On failure, an error toast is shown with the reason returned by the backend.",
        "Once the user has the Admin role, the 'Make Me Admin' button is no longer shown.",
        "The Admin Management page link in the sidebar continues to be shown only to users with the Admin role."
      ],
      "file_operations": [
        {
          "path": "frontend/src/hooks/useQueries.ts",
          "operation": "modify",
          "description": "Add a mutation hook useBootstrapAdminSelf that calls actor.bootstrapAdminSelf(), shows toast on success/error, and invalidates ['isAdmin'] and ['users'] query keys to trigger sidebar refresh."
        },
        {
          "path": "frontend/src/components/Layout.tsx",
          "operation": "modify",
          "description": "In the sidebar (SidebarFooter or after nav items), add a 'Make Me Admin' button that is shown when the user is authenticated (identity exists) and isAdmin query returns false. The button calls the useBootstrapAdminSelf mutation. Once isAdmin becomes true, hide the button and the 'Admin Management' nav link appears automatically."
        }
      ]
    },
    {
      "id": "REQ-23",
      "summary": "Keep existing 'Make Me Admin' bootstrap button in AdminPage.tsx as a secondary entry point, visible when user is not yet Admin",
      "acceptanceCriteria": [
        "AdminPage shows the 'Make Me Admin' button when the logged-in user does not have the Admin role.",
        "The button is hidden when the user already has the Admin role.",
        "Button behavior (call, toast, query invalidation) matches REQ-22."
      ],
      "file_operations": [
        {
          "path": "frontend/src/pages/AdminPage.tsx",
          "operation": "modify",
          "description": "Update the existing bootstrap admin button to use the same useBootstrapAdminSelf hook (from REQ-22). Show the button when isAdmin is false, hide it when isAdmin is true. This provides a secondary bootstrap entry point if the user manages to reach /admin while not yet an admin."
        }
      ]
    }
  ]
}