{
  "kind": "spec_vs_diff_report",
  "version": "1.0",
  "generatedAt": "2026-02-28T02:53:29.304Z",
  "summary": "The diff implements both REQ-22 and REQ-23. Layout.tsx adds a MakeMeAdminButton component visible to all authenticated non-admin users in the sidebar footer (and mobile drawer), wired to useBootstrapAdminSelf. AdminPage.tsx adds the Make Me Admin button for non-admin users as a secondary entry point. The useBootstrapAdminSelf hook invalidates isCallerAdmin and users queries on success. Toast feedback and error handling are referenced in the hook summary. All major acceptance criteria appear to be met.",
  "missing_requirements": [
    {
      "id": "REQ-22",
      "requirement": "On failure, an error toast is shown with the reason returned by the backend.",
      "reason": "The diff summary mentions toast feedback in the hook and AdminPage, but the truncated Layout.tsx and hook summary do not explicitly confirm that an error toast with the backend reason is shown on failure from the MakeMeAdminButton in Layout.tsx. The hook summary only mentions invalidation on success; error handling is not confirmed.",
      "evidence": [
        "frontend/src/components/Layout.tsx",
        "frontend/src/hooks/useQueries.ts"
      ]
    }
  ],
  "hallucinated_features": [],
  "confidence": 0.72,
  "changed_files": [
    "frontend-file-summaries.txt",
    "frontend/src/components/Layout.tsx",
    "project_state.json"
  ]
}